{"cameraMode":{"drawMode":0,"name":"Shaded","section":"Shading Mode"},"sceneLighting":true,"audioPlay":false,"sceneViewState":{"m_AlwaysRefresh":false,"showFog":true,"showSkybox":true,"showFlares":true,"showImageEffects":true,"showParticleSystems":true,"showVisualEffectGraphs":true,"m_FxEnabled":true},"in2DMode":false,"pivot":{"x":182.7169952392578,"y":17.505998611450197,"z":151.74899291992188},"rotation":{"x":-0.36879849433898928,"y":0.05241767689585686,"z":-0.021051842719316484,"w":-0.9279289841651917},"size":13.24009895324707,"orthographic":false}