{"cameraMode":{"drawMode":0,"name":"Shaded","section":"Shading Mode"},"sceneLighting":false,"audioPlay":false,"sceneViewState":{"m_AlwaysRefresh":false,"showFog":true,"showSkybox":false,"showFlares":true,"showImageEffects":true,"showParticleSystems":true,"showVisualEffectGraphs":true,"m_FxEnabled":true},"in2DMode":false,"pivot":{"x":-0.6666022539138794,"y":1.1105711460113526,"z":-1.9208866357803345},"rotation":{"x":-0.02980113960802555,"y":0.9611928462982178,"z":-0.24933186173439027,"w":-0.11475222557783127},"size":1.2575174570083619,"orthographic":false}