{"cameraMode":{"drawMode":0,"name":"Shaded","section":"Shading Mode"},"sceneLighting":false,"audioPlay":false,"sceneViewState":{"m_AlwaysRefresh":false,"showFog":true,"showSkybox":false,"showFlares":true,"showImageEffects":true,"showParticleSystems":true,"showVisualEffectGraphs":true,"m_FxEnabled":true},"in2DMode":false,"pivot":{"x":-1.5409173965454102,"y":0.6236065626144409,"z":-0.39981746673583987},"rotation":{"x":-0.4431110918521881,"y":-0.5495119690895081,"z":0.43772974610328677,"w":-0.5570481419563294},"size":4.6421685218811039,"orthographic":false}