{"cameraMode":{"drawMode":0,"name":"Shaded","section":"Shading Mode"},"sceneLighting":false,"audioPlay":false,"sceneViewState":{"m_AlwaysRefresh":false,"showFog":true,"showSkybox":false,"showFlares":true,"showImageEffects":true,"showParticleSystems":true,"showVisualEffectGraphs":true,"m_FxEnabled":true},"in2DMode":false,"pivot":{"x":0.5885581374168396,"y":1.1175504922866822,"z":1.0488786697387696},"rotation":{"x":-0.02980113960802555,"y":0.9611928462982178,"z":-0.24933186173439027,"w":-0.11475222557783127},"size":1.2432963848114014,"orthographic":false}