{"cameraMode":{"drawMode":0,"name":"Shaded","section":"Shading Mode"},"sceneLighting":false,"audioPlay":false,"sceneViewState":{"m_AlwaysRefresh":false,"showFog":true,"showSkybox":false,"showFlares":true,"showImageEffects":true,"showParticleSystems":true,"showVisualEffectGraphs":true,"m_FxEnabled":true},"in2DMode":false,"pivot":{"x":0.014530181884765625,"y":2.275852918624878,"z":0.0026144981384277345},"rotation":{"x":0.07575590163469315,"y":-0.6670897006988525,"z":0.06849775463342667,"w":0.7379602789878845},"size":4.962339401245117,"orthographic":false}