{"cameraMode":{"drawMode":0,"name":"Shaded","section":"Shading Mode"},"sceneLighting":false,"audioPlay":false,"sceneViewState":{"m_AlwaysRefresh":false,"showFog":true,"showSkybox":false,"showFlares":true,"showImageEffects":true,"showParticleSystems":true,"showVisualEffectGraphs":true,"m_FxEnabled":true},"in2DMode":false,"pivot":{"x":-0.000005125999450683594,"y":1.090808629989624,"z":2.001608371734619},"rotation":{"x":0.5970284342765808,"y":-0.22291673719882966,"z":0.17739221453666688,"w":0.7499984502792358},"size":1.870405912399292,"orthographic":false}