{"cameraMode":{"drawMode":0,"name":"Shaded","section":"Shading Mode"},"sceneLighting":false,"audioPlay":false,"sceneViewState":{"m_AlwaysRefresh":false,"showFog":true,"showSkybox":false,"showFlares":true,"showImageEffects":true,"showParticleSystems":true,"showVisualEffectGraphs":true,"m_FxEnabled":true},"in2DMode":false,"pivot":{"x":0.002271890640258789,"y":1.993664026260376,"z":0.2804110050201416},"rotation":{"x":0.027465134859085084,"y":0.9723370671272278,"z":-0.15323330461978913,"w":0.1742221862077713},"size":3.052788019180298,"orthographic":false}